impl,procs,W,H,steps,repeat,time,comm,hash
seq,1,500,500,300,1,0.569877,0.000000,0b1d42563d81285a
mpi,1,500,500,300,1,0.616240,0.000070,0b1d42563d81285a
mpi,2,500,500,300,1,0.572527,0.294023,0b1d42563d81285a
mpi,4,500,500,300,1,0.605155,0.478416,0b1d42563d81285a
seq,1,500,500,300,2,0.614341,0.000000,0b1d42563d81285a
mpi,1,500,500,300,2,0.647379,0.000072,0b1d42563d81285a
mpi,2,500,500,300,2,0.606390,0.311671,0b1d42563d81285a
mpi,4,500,500,300,2,0.573964,0.454918,0b1d42563d81285a
seq,1,500,500,300,3,0.560950,0.000000,0b1d42563d81285a
mpi,1,500,500,300,3,0.586757,0.000039,0b1d42563d81285a
mpi,2,500,500,300,3,0.610503,0.311167,0b1d42563d81285a
mpi,4,500,500,300,3,0.595917,0.471449,0b1d42563d81285a
seq,1,1000,1000,300,1,2.560313,0.000000,9c5b1f846204bbfe
mpi,1,1000,1000,300,1,2.576117,0.000081,9c5b1f846204bbfe
mpi,2,1000,1000,300,1,2.517415,1.049575,9c5b1f846204bbfe
mpi,4,1000,1000,300,1,2.448659,1.768291,9c5b1f846204bbfe
seq,1,1000,1000,300,2,2.661053,0.000000,9c5b1f846204bbfe
mpi,1,1000,1000,300,2,2.602347,0.000090,9c5b1f846204bbfe
mpi,2,1000,1000,300,2,2.380677,1.089545,9c5b1f846204bbfe
mpi,4,1000,1000,300,2,2.751530,1.941160,9c5b1f846204bbfe
seq,1,1000,1000,300,3,2.651775,0.000000,9c5b1f846204bbfe
mpi,1,1000,1000,300,3,2.534122,0.000079,9c5b1f846204bbfe
mpi,2,1000,1000,300,3,2.692147,1.022101,9c5b1f846204bbfe
mpi,4,1000,1000,300,3,2.557150,1.774222,9c5b1f846204bbfe
